{"nodes":{"node:1":{"location":{"x":-103,"y":-23}}},"selection":null,"view":{"scroll":{"x":-499.50286865234375,"y":-289.944610595703125},"zoom":1}}